reduced_formula,likely_mpid,expt_gap_ev,n_measurements,gap_range_ev,is_metal_measured,selection_stratum,selection_role,hubbard_policy_differs,hubbard_explanation
Ag2Mo(I2O7)2,mp-1203404,3.06,1,0.0,False,A_correlated_oxide_or_fluoride,gapped semiconductor or insulator,True,"Materials Project applies +U to Mo (U = 4.38 eV) and OQMD does not. Materials Project applies +U to both oxides and fluorides, while OQMD applies it only to compounds containing oxygen, and the two databases cover different element sets."
AlV(TeO4)2,mp-1194859,2.9,1,0.0,False,A_correlated_oxide_or_fluoride,gapped semiconductor or insulator,True,"Both databases apply +U but with different parameters for V (Materials Project 3.25 eV, OQMD 3.1 eV). Note that Materials Project quotes U while OQMD quotes U minus J in the Dudarev scheme, so the values are not directly interchangeable even where they look similar."
B2Mo(PbO2)6,mp-1196917,2.9,1,0.0,False,A_correlated_oxide_or_fluoride,gapped semiconductor or insulator,True,"Materials Project applies +U to Mo (U = 4.38 eV) and OQMD does not. Materials Project applies +U to both oxides and fluorides, while OQMD applies it only to compounds containing oxygen, and the two databases cover different element sets."
Ba2V2Te2O11,mp-1204192,3.16,1,0.0,False,A_correlated_oxide_or_fluoride,gapped semiconductor or insulator,True,"Both databases apply +U but with different parameters for V (Materials Project 3.25 eV, OQMD 3.1 eV). Note that Materials Project quotes U while OQMD quotes U minus J in the Dudarev scheme, so the values are not directly interchangeable even where they look similar."
Ba2V2ZnO8,mp-556688,3.48,1,0.0,False,A_correlated_oxide_or_fluoride,gapped semiconductor or insulator,True,"Both databases apply +U but with different parameters for V (Materials Project 3.25 eV, OQMD 3.1 eV). Note that Materials Project quotes U while OQMD quotes U minus J in the Dudarev scheme, so the values are not directly interchangeable even where they look similar."
Ba3V2(SeO4)4,mp-1200758,2.87,1,0.0,False,A_correlated_oxide_or_fluoride,gapped semiconductor or insulator,True,"Both databases apply +U but with different parameters for V (Materials Project 3.25 eV, OQMD 3.1 eV). Note that Materials Project quotes U while OQMD quotes U minus J in the Dudarev scheme, so the values are not directly interchangeable even where they look similar."
BaCuTeF,mp-13287,2.3,1,0.0,False,A_correlated_oxide_or_fluoride,gapped semiconductor or insulator,False,"Neither database applies a Hubbard U correction to this composition, so +U is not an available explanation for any disagreement between them."
BaTeMo2O9,mp-1203413,3.12,1,0.0,False,A_correlated_oxide_or_fluoride,gapped semiconductor or insulator,True,"Materials Project applies +U to Mo (U = 4.38 eV) and OQMD does not. Materials Project applies +U to both oxides and fluorides, while OQMD applies it only to compounds containing oxygen, and the two databases cover different element sets."
BaV2SeO8,mp-1200210,2.13,1,0.0,False,A_correlated_oxide_or_fluoride,gapped semiconductor or insulator,True,"Both databases apply +U but with different parameters for V (Materials Project 3.25 eV, OQMD 3.1 eV). Note that Materials Project quotes U while OQMD quotes U minus J in the Dudarev scheme, so the values are not directly interchangeable even where they look similar."
Bi2(MoO4)3,mp-23388,2.9,1,0.0,False,A_correlated_oxide_or_fluoride,gapped semiconductor or insulator,True,"Materials Project applies +U to Mo (U = 4.38 eV) and OQMD does not. Materials Project applies +U to both oxides and fluorides, while OQMD applies it only to compounds containing oxygen, and the two databases cover different element sets."
Bi2Mo2Se2O13,mp-1200193,3.15,1,0.0,False,A_correlated_oxide_or_fluoride,gapped semiconductor or insulator,True,"Materials Project applies +U to Mo (U = 4.38 eV) and OQMD does not. Materials Project applies +U to both oxides and fluorides, while OQMD applies it only to compounds containing oxygen, and the two databases cover different element sets."
CdCu(SeO3)2,mp-1195655,3.33,1,0.0,False,A_correlated_oxide_or_fluoride,gapped semiconductor or insulator,True,OQMD applies +U to Cu (U minus J = 4.0 eV) and Materials Project does not.
Ce2Fe(SeO)2,mp-1078159,0.64,1,0.0,False,A_correlated_oxide_or_fluoride,gapped semiconductor or insulator,True,"Both databases apply +U but with different parameters for Fe (Materials Project 5.3 eV, OQMD 4.0 eV). Note that Materials Project quotes U while OQMD quotes U minus J in the Dudarev scheme, so the values are not directly interchangeable even where they look similar."
Ce3MoO7,mp-639904,2.0,1,0.0,False,A_correlated_oxide_or_fluoride,gapped semiconductor or insulator,True,"Materials Project applies +U to Mo (U = 4.38 eV) and OQMD does not. Materials Project applies +U to both oxides and fluorides, while OQMD applies it only to compounds containing oxygen, and the two databases cover different element sets."
CeBiW2O9,mp-1204806,2.34,1,0.0,False,A_correlated_oxide_or_fluoride,gapped semiconductor or insulator,True,"Materials Project applies +U to W (U = 6.2 eV) and OQMD does not. Materials Project applies +U to both oxides and fluorides, while OQMD applies it only to compounds containing oxygen, and the two databases cover different element sets."
CeMoO4F,mp-1192442,2.52,1,0.0,False,A_correlated_oxide_or_fluoride,gapped semiconductor or insulator,True,"Materials Project applies +U to Mo (U = 4.38 eV) and OQMD does not. Materials Project applies +U to both oxides and fluorides, while OQMD applies it only to compounds containing oxygen, and the two databases cover different element sets."
Co2Te3O8,mp-18855,3.6,1,0.0,False,A_correlated_oxide_or_fluoride,gapped semiconductor or insulator,True,"Both databases apply +U but with different parameters for Co (Materials Project 3.32 eV, OQMD 3.3 eV). Note that Materials Project quotes U while OQMD quotes U minus J in the Dudarev scheme, so the values are not directly interchangeable even where they look similar."
Cr2O3,mp-19399,3.4,1,0.0,False,A_correlated_oxide_or_fluoride,gapped semiconductor or insulator,True,"Both databases apply +U but with different parameters for Cr (Materials Project 3.7 eV, OQMD 3.5 eV). Note that Materials Project quotes U while OQMD quotes U minus J in the Dudarev scheme, so the values are not directly interchangeable even where they look similar."
CrB2(PbO2)6,mp-1197022,1.8,1,0.0,False,A_correlated_oxide_or_fluoride,gapped semiconductor or insulator,True,"Both databases apply +U but with different parameters for Cr (Materials Project 3.7 eV, OQMD 3.5 eV). Note that Materials Project quotes U while OQMD quotes U minus J in the Dudarev scheme, so the values are not directly interchangeable even where they look similar."
CrO2,mp-19177,0.23,1,0.0,False,A_correlated_oxide_or_fluoride,gapped semiconductor or insulator,True,"Both databases apply +U but with different parameters for Cr (Materials Project 3.7 eV, OQMD 3.5 eV). Note that Materials Project quotes U while OQMD quotes U minus J in the Dudarev scheme, so the values are not directly interchangeable even where they look similar."
CrO3,mp-510421,1.4,1,0.0,False,A_correlated_oxide_or_fluoride,gapped semiconductor or insulator,True,"Both databases apply +U but with different parameters for Cr (Materials Project 3.7 eV, OQMD 3.5 eV). Note that Materials Project quotes U while OQMD quotes U minus J in the Dudarev scheme, so the values are not directly interchangeable even where they look similar."
CrPbO4,mp-19146,2.25,1,0.0,False,A_correlated_oxide_or_fluoride,gapped semiconductor or insulator,True,"Both databases apply +U but with different parameters for Cr (Materials Project 3.7 eV, OQMD 3.5 eV). Note that Materials Project quotes U while OQMD quotes U minus J in the Dudarev scheme, so the values are not directly interchangeable even where they look similar."
Cu2O,mp-361,2.58,1,0.0,False,A_correlated_oxide_or_fluoride,gapped semiconductor or insulator,True,OQMD applies +U to Cu (U minus J = 4.0 eV) and Materials Project does not.
Cu2Te3O8,mp-17598,2.64,1,0.0,False,A_correlated_oxide_or_fluoride,gapped semiconductor or insulator,True,OQMD applies +U to Cu (U minus J = 4.0 eV) and Materials Project does not.
Cu3Hg2(Te3O8)2,mp-1194777,2.56,1,0.0,False,A_correlated_oxide_or_fluoride,gapped semiconductor or insulator,True,OQMD applies +U to Cu (U minus J = 4.0 eV) and Materials Project does not.
CuBiSeO,mp-23116,0.82,1,0.0,False,A_correlated_oxide_or_fluoride,gapped semiconductor or insulator,True,OQMD applies +U to Cu (U minus J = 4.0 eV) and Materials Project does not.
CuHg(SeO3)2,mp-1194904,3.25,1,0.0,False,A_correlated_oxide_or_fluoride,gapped semiconductor or insulator,True,OQMD applies +U to Cu (U minus J = 4.0 eV) and Materials Project does not.
ErBiW2O9,mp-1198777,3.26,1,0.0,False,A_correlated_oxide_or_fluoride,gapped semiconductor or insulator,True,"Materials Project applies +U to W (U = 6.2 eV) and OQMD does not. Materials Project applies +U to both oxides and fluorides, while OQMD applies it only to compounds containing oxygen, and the two databases cover different element sets."
Fe2B(PO4)3,mp-1197728,3.52,1,0.0,False,A_correlated_oxide_or_fluoride,gapped semiconductor or insulator,True,"Both databases apply +U but with different parameters for Fe (Materials Project 5.3 eV, OQMD 4.0 eV). Note that Materials Project quotes U while OQMD quotes U minus J in the Dudarev scheme, so the values are not directly interchangeable even where they look similar."
Fe2O3,mp-19770,2.2,1,0.0,False,A_correlated_oxide_or_fluoride,gapped semiconductor or insulator,True,"Both databases apply +U but with different parameters for Fe (Materials Project 5.3 eV, OQMD 4.0 eV). Note that Materials Project quotes U while OQMD quotes U minus J in the Dudarev scheme, so the values are not directly interchangeable even where they look similar."
FeBi(SeO3)3,mp-1197024,2.54,1,0.0,False,A_correlated_oxide_or_fluoride,gapped semiconductor or insulator,True,"Both databases apply +U but with different parameters for Fe (Materials Project 5.3 eV, OQMD 4.0 eV). Note that Materials Project quotes U while OQMD quotes U minus J in the Dudarev scheme, so the values are not directly interchangeable even where they look similar."
GaCuO2,mp-4280,1.47,1,0.0,False,A_correlated_oxide_or_fluoride,gapped semiconductor or insulator,True,OQMD applies +U to Cu (U minus J = 4.0 eV) and Materials Project does not.
K2Mo2Se2O11,mp-1195788,3.3,1,0.0,False,A_correlated_oxide_or_fluoride,gapped semiconductor or insulator,True,"Materials Project applies +U to Mo (U = 4.38 eV) and OQMD does not. Materials Project applies +U to both oxides and fluorides, while OQMD applies it only to compounds containing oxygen, and the two databases cover different element sets."
KUClO3,mp-1095429,2.37,1,0.0,False,A_correlated_oxide_or_fluoride,gapped semiconductor or insulator,True,OQMD applies +U to U (U minus J = 4.0 eV) and Materials Project does not.
KV4Ag11O16,mp-553910,2.0,1,0.0,False,A_correlated_oxide_or_fluoride,gapped semiconductor or insulator,True,"Both databases apply +U but with different parameters for V (Materials Project 3.25 eV, OQMD 3.1 eV). Note that Materials Project quotes U while OQMD quotes U minus J in the Dudarev scheme, so the values are not directly interchangeable even where they look similar."
La2Fe(SeO)2,mp-1078132,0.7,1,0.0,False,A_correlated_oxide_or_fluoride,gapped semiconductor or insulator,True,"Both databases apply +U but with different parameters for Fe (Materials Project 5.3 eV, OQMD 4.0 eV). Note that Materials Project quotes U while OQMD quotes U minus J in the Dudarev scheme, so the values are not directly interchangeable even where they look similar."
La2Mn(SeO)2,mp-1196301,1.6,1,0.0,False,A_correlated_oxide_or_fluoride,gapped semiconductor or insulator,True,"Both databases apply +U but with different parameters for Mn (Materials Project 3.9 eV, OQMD 3.8 eV). Note that Materials Project quotes U while OQMD quotes U minus J in the Dudarev scheme, so the values are not directly interchangeable even where they look similar."
La3Mo4O16F,mp-1198818,3.7,1,0.0,False,A_correlated_oxide_or_fluoride,gapped semiconductor or insulator,True,"Materials Project applies +U to Mo (U = 4.38 eV) and OQMD does not. Materials Project applies +U to both oxides and fluorides, while OQMD applies it only to compounds containing oxygen, and the two databases cover different element sets."
LaCuSO,mp-6088,3.1,1,0.0,False,A_correlated_oxide_or_fluoride,gapped semiconductor or insulator,True,OQMD applies +U to Cu (U minus J = 4.0 eV) and Materials Project does not.
LaCuSeO,mp-552488,2.83,1,0.0,False,A_correlated_oxide_or_fluoride,gapped semiconductor or insulator,True,OQMD applies +U to Cu (U minus J = 4.0 eV) and Materials Project does not.
LaCuTeO,mp-546790,2.31,1,0.0,False,A_correlated_oxide_or_fluoride,gapped semiconductor or insulator,True,OQMD applies +U to Cu (U minus J = 4.0 eV) and Materials Project does not.
LaVI5O16,mp-1202389,3.58,1,0.0,False,A_correlated_oxide_or_fluoride,gapped semiconductor or insulator,True,"Both databases apply +U but with different parameters for V (Materials Project 3.25 eV, OQMD 3.1 eV). Note that Materials Project quotes U while OQMD quotes U minus J in the Dudarev scheme, so the values are not directly interchangeable even where they look similar."
Li2TeMoO6,mp-1203622,3.5,1,0.0,False,A_correlated_oxide_or_fluoride,gapped semiconductor or insulator,True,"Materials Project applies +U to Mo (U = 4.38 eV) and OQMD does not. Materials Project applies +U to both oxides and fluorides, while OQMD applies it only to compounds containing oxygen, and the two databases cover different element sets."
Li2TeWO6,mp-1196881,4.0,1,0.0,False,A_correlated_oxide_or_fluoride,gapped semiconductor or insulator,True,"Materials Project applies +U to W (U = 6.2 eV) and OQMD does not. Materials Project applies +U to both oxides and fluorides, while OQMD applies it only to compounds containing oxygen, and the two databases cover different element sets."
LiMoIO6,mp-558917,2.8,1,0.0,False,A_correlated_oxide_or_fluoride,gapped semiconductor or insulator,True,"Materials Project applies +U to Mo (U = 4.38 eV) and OQMD does not. Materials Project applies +U to both oxides and fluorides, while OQMD applies it only to compounds containing oxygen, and the two databases cover different element sets."
Mn(PbO2)2,mp-21823,1.5,1,0.0,False,A_correlated_oxide_or_fluoride,gapped semiconductor or insulator,True,"Both databases apply +U but with different parameters for Mn (Materials Project 3.9 eV, OQMD 3.8 eV). Note that Materials Project quotes U while OQMD quotes U minus J in the Dudarev scheme, so the values are not directly interchangeable even where they look similar."
Mn(SbO2)2,mp-19231,2.65,1,0.0,False,A_correlated_oxide_or_fluoride,gapped semiconductor or insulator,True,"Both databases apply +U but with different parameters for Mn (Materials Project 3.9 eV, OQMD 3.8 eV). Note that Materials Project quotes U while OQMD quotes U minus J in the Dudarev scheme, so the values are not directly interchangeable even where they look similar."
MnF2,mp-560902,9.9,1,0.0,False,A_correlated_oxide_or_fluoride,gapped semiconductor or insulator,True,"Materials Project applies +U to Mn (U = 3.9 eV) and OQMD does not. Materials Project applies +U to both oxides and fluorides, while OQMD applies it only to compounds containing oxygen, and the two databases cover different element sets."
MnO,mp-19006,3.6,1,0.0,False,A_correlated_oxide_or_fluoride,gapped semiconductor or insulator,True,"Both databases apply +U but with different parameters for Mn (Materials Project 3.9 eV, OQMD 3.8 eV). Note that Materials Project quotes U while OQMD quotes U minus J in the Dudarev scheme, so the values are not directly interchangeable even where they look similar."
MnO2,mp-510408,1.3,1,0.0,False,A_correlated_oxide_or_fluoride,gapped semiconductor or insulator,True,"Both databases apply +U but with different parameters for Mn (Materials Project 3.9 eV, OQMD 3.8 eV). Note that Materials Project quotes U while OQMD quotes U minus J in the Dudarev scheme, so the values are not directly interchangeable even where they look similar."
Na2Mo2Se2O11,mp-1195277,3.1,1,0.0,False,A_correlated_oxide_or_fluoride,gapped semiconductor or insulator,True,"Materials Project applies +U to Mo (U = 4.38 eV) and OQMD does not. Materials Project applies +U to both oxides and fluorides, while OQMD applies it only to compounds containing oxygen, and the two databases cover different element sets."
Na3MoO4F,mp-1194849,4.77,1,0.0,False,A_correlated_oxide_or_fluoride,gapped semiconductor or insulator,True,"Materials Project applies +U to Mo (U = 4.38 eV) and OQMD does not. Materials Project applies +U to both oxides and fluorides, while OQMD applies it only to compounds containing oxygen, and the two databases cover different element sets."
Na5Gd(MoO4)4,mp-556070,3.38,1,0.0,False,A_correlated_oxide_or_fluoride,gapped semiconductor or insulator,True,"Materials Project applies +U to Mo (U = 4.38 eV) and OQMD does not. Materials Project applies +U to both oxides and fluorides, while OQMD applies it only to compounds containing oxygen, and the two databases cover different element sets."
Na7(CoO3)2,mp-19427,0.5,1,0.0,False,A_correlated_oxide_or_fluoride,gapped semiconductor or insulator,True,"Both databases apply +U but with different parameters for Co (Materials Project 3.32 eV, OQMD 3.3 eV). Note that Materials Project quotes U while OQMD quotes U minus J in the Dudarev scheme, so the values are not directly interchangeable even where they look similar."
Nb3CuO8,mp-27383,1.47,1,0.0,False,A_correlated_oxide_or_fluoride,gapped semiconductor or insulator,True,OQMD applies +U to Cu (U minus J = 4.0 eV) and Materials Project does not.
NbCuO3,mp-17272,2.0,1,0.0,False,A_correlated_oxide_or_fluoride,gapped semiconductor or insulator,True,OQMD applies +U to Cu (U minus J = 4.0 eV) and Materials Project does not.
NdCuSO,mp-542314,2.98,1,0.0,False,A_correlated_oxide_or_fluoride,gapped semiconductor or insulator,True,OQMD applies +U to Cu (U minus J = 4.0 eV) and Materials Project does not.
NdCuTeO,mp-974307,2.26,1,0.0,False,A_correlated_oxide_or_fluoride,gapped semiconductor or insulator,True,OQMD applies +U to Cu (U minus J = 4.0 eV) and Materials Project does not.
NdMoO4F,mp-1192562,3.66,1,0.0,False,A_correlated_oxide_or_fluoride,gapped semiconductor or insulator,True,"Materials Project applies +U to Mo (U = 4.38 eV) and OQMD does not. Materials Project applies +U to both oxides and fluorides, while OQMD applies it only to compounds containing oxygen, and the two databases cover different element sets."
Ni2Te3O8,mp-17360,3.84,1,0.0,False,A_correlated_oxide_or_fluoride,gapped semiconductor or insulator,True,"Both databases apply +U but with different parameters for Ni (Materials Project 6.2 eV, OQMD 6.4 eV). Note that Materials Project quotes U while OQMD quotes U minus J in the Dudarev scheme, so the values are not directly interchangeable even where they look similar."
NiO,mp-19009,4.0,1,0.0,False,A_correlated_oxide_or_fluoride,gapped semiconductor or insulator,True,"Both databases apply +U but with different parameters for Ni (Materials Project 6.2 eV, OQMD 6.4 eV). Note that Materials Project quotes U while OQMD quotes U minus J in the Dudarev scheme, so the values are not directly interchangeable even where they look similar."
PrCuSO,mp-6166,3.03,1,0.0,False,A_correlated_oxide_or_fluoride,gapped semiconductor or insulator,True,OQMD applies +U to Cu (U minus J = 4.0 eV) and Materials Project does not.
PrMoO4F,mp-1192358,3.64,1,0.0,False,A_correlated_oxide_or_fluoride,gapped semiconductor or insulator,True,"Materials Project applies +U to Mo (U = 4.38 eV) and OQMD does not. Materials Project applies +U to both oxides and fluorides, while OQMD applies it only to compounds containing oxygen, and the two databases cover different element sets."
Rb2Mo3Se3O16,mp-1194625,3.1,1,0.0,False,A_correlated_oxide_or_fluoride,gapped semiconductor or insulator,True,"Materials Project applies +U to Mo (U = 4.38 eV) and OQMD does not. Materials Project applies +U to both oxides and fluorides, while OQMD applies it only to compounds containing oxygen, and the two databases cover different element sets."
Rb3Na(MoO4)2,mp-1104938,4.84,1,0.0,False,A_correlated_oxide_or_fluoride,gapped semiconductor or insulator,True,"Materials Project applies +U to Mo (U = 4.38 eV) and OQMD does not. Materials Project applies +U to both oxides and fluorides, while OQMD applies it only to compounds containing oxygen, and the two databases cover different element sets."
Rb4Mo5(PO11)2,mp-1199088,3.51,1,0.0,False,A_correlated_oxide_or_fluoride,gapped semiconductor or insulator,True,"Materials Project applies +U to Mo (U = 4.38 eV) and OQMD does not. Materials Project applies +U to both oxides and fluorides, while OQMD applies it only to compounds containing oxygen, and the two databases cover different element sets."
RbMoPO6,mp-1198591,2.96,1,0.0,False,A_correlated_oxide_or_fluoride,gapped semiconductor or insulator,True,"Materials Project applies +U to Mo (U = 4.38 eV) and OQMD does not. Materials Project applies +U to both oxides and fluorides, while OQMD applies it only to compounds containing oxygen, and the two databases cover different element sets."
ScCuO2,mp-3642,3.3,1,0.0,False,A_correlated_oxide_or_fluoride,gapped semiconductor or insulator,True,OQMD applies +U to Cu (U minus J = 4.0 eV) and Materials Project does not.
SmBiW2O9,mp-1200917,3.39,1,0.0,False,A_correlated_oxide_or_fluoride,gapped semiconductor or insulator,True,"Materials Project applies +U to W (U = 6.2 eV) and OQMD does not. Materials Project applies +U to both oxides and fluorides, while OQMD applies it only to compounds containing oxygen, and the two databases cover different element sets."
SmCuSeO,mp-9194,2.6,1,0.0,False,A_correlated_oxide_or_fluoride,gapped semiconductor or insulator,True,OQMD applies +U to Cu (U minus J = 4.0 eV) and Materials Project does not.
Sn2WO5,mp-557633,2.6,1,0.0,False,A_correlated_oxide_or_fluoride,gapped semiconductor or insulator,True,"Materials Project applies +U to W (U = 6.2 eV) and OQMD does not. Materials Project applies +U to both oxides and fluorides, while OQMD applies it only to compounds containing oxygen, and the two databases cover different element sets."
Sn3WO6,mp-556980,2.49,1,0.0,False,A_correlated_oxide_or_fluoride,gapped semiconductor or insulator,True,"Materials Project applies +U to W (U = 6.2 eV) and OQMD does not. Materials Project applies +U to both oxides and fluorides, while OQMD applies it only to compounds containing oxygen, and the two databases cover different element sets."
Sr2V3Se5O18,mp-1197632,2.47,1,0.0,False,A_correlated_oxide_or_fluoride,gapped semiconductor or insulator,True,"Both databases apply +U but with different parameters for V (Materials Project 3.25 eV, OQMD 3.1 eV). Note that Materials Project quotes U while OQMD quotes U minus J in the Dudarev scheme, so the values are not directly interchangeable even where they look similar."
Sr4V2(Se2O7)3,mp-1204879,2.66,1,0.0,False,A_correlated_oxide_or_fluoride,gapped semiconductor or insulator,True,"Both databases apply +U but with different parameters for V (Materials Project 3.25 eV, OQMD 3.1 eV). Note that Materials Project quotes U while OQMD quotes U minus J in the Dudarev scheme, so the values are not directly interchangeable even where they look similar."
Sr5V3O12F,mp-40674,4.5,1,0.0,False,A_correlated_oxide_or_fluoride,gapped semiconductor or insulator,True,"Both databases apply +U but with different parameters for V (Materials Project 3.25 eV, OQMD 3.1 eV). Note that Materials Project quotes U while OQMD quotes U minus J in the Dudarev scheme, so the values are not directly interchangeable even where they look similar."
SrCrO4,mp-510607,2.45,1,0.0,False,A_correlated_oxide_or_fluoride,gapped semiconductor or insulator,True,"Both databases apply +U but with different parameters for Cr (Materials Project 3.7 eV, OQMD 3.5 eV). Note that Materials Project quotes U while OQMD quotes U minus J in the Dudarev scheme, so the values are not directly interchangeable even where they look similar."
Ta2Mn3O8,mp-31909,1.89,1,0.0,False,A_correlated_oxide_or_fluoride,gapped semiconductor or insulator,True,"Both databases apply +U but with different parameters for Mn (Materials Project 3.9 eV, OQMD 3.8 eV). Note that Materials Project quotes U while OQMD quotes U minus J in the Dudarev scheme, so the values are not directly interchangeable even where they look similar."
Ta7Cu3O19,mp-28752,2.47,1,0.0,False,A_correlated_oxide_or_fluoride,gapped semiconductor or insulator,True,OQMD applies +U to Cu (U minus J = 4.0 eV) and Materials Project does not.
TbWClO4,mp-1103802,4.24,1,0.0,False,A_correlated_oxide_or_fluoride,gapped semiconductor or insulator,True,"Materials Project applies +U to W (U = 6.2 eV) and OQMD does not. Materials Project applies +U to both oxides and fluorides, while OQMD applies it only to compounds containing oxygen, and the two databases cover different element sets."
ThSO,mp-8136,2.22,1,0.0,False,A_correlated_oxide_or_fluoride,gapped semiconductor or insulator,True,OQMD applies +U to Th (U minus J = 4.0 eV) and Materials Project does not.
ThSeO,mp-7950,1.65,1,0.0,False,A_correlated_oxide_or_fluoride,gapped semiconductor or insulator,True,OQMD applies +U to Th (U minus J = 4.0 eV) and Materials Project does not.
ThTeO,mp-3718,1.45,1,0.0,False,A_correlated_oxide_or_fluoride,gapped semiconductor or insulator,True,OQMD applies +U to Th (U minus J = 4.0 eV) and Materials Project does not.
Tl4CuTeO6,mp-1191858,2.2,1,0.0,False,A_correlated_oxide_or_fluoride,gapped semiconductor or insulator,True,OQMD applies +U to Cu (U minus J = 4.0 eV) and Materials Project does not.
UO2,mp-1597,2.18,1,0.0,False,A_correlated_oxide_or_fluoride,gapped semiconductor or insulator,True,OQMD applies +U to U (U minus J = 4.0 eV) and Materials Project does not.
V2Pb4(Se2O7)3,mp-1203641,3.37,1,0.0,False,A_correlated_oxide_or_fluoride,gapped semiconductor or insulator,True,"Both databases apply +U but with different parameters for V (Materials Project 3.25 eV, OQMD 3.1 eV). Note that Materials Project quotes U while OQMD quotes U minus J in the Dudarev scheme, so the values are not directly interchangeable even where they look similar."
V2Zn3TeO10,mp-554700,2.96,1,0.0,False,A_correlated_oxide_or_fluoride,gapped semiconductor or insulator,True,"Both databases apply +U but with different parameters for V (Materials Project 3.25 eV, OQMD 3.1 eV). Note that Materials Project quotes U while OQMD quotes U minus J in the Dudarev scheme, so the values are not directly interchangeable even where they look similar."
V3As2O9,mp-1194395,0.76,1,0.0,False,A_correlated_oxide_or_fluoride,gapped semiconductor or insulator,True,"Both databases apply +U but with different parameters for V (Materials Project 3.25 eV, OQMD 3.1 eV). Note that Materials Project quotes U while OQMD quotes U minus J in the Dudarev scheme, so the values are not directly interchangeable even where they look similar."
VAg(IO4)2,mp-1198619,2.24,1,0.0,False,A_correlated_oxide_or_fluoride,gapped semiconductor or insulator,True,"Both databases apply +U but with different parameters for V (Materials Project 3.25 eV, OQMD 3.1 eV). Note that Materials Project quotes U while OQMD quotes U minus J in the Dudarev scheme, so the values are not directly interchangeable even where they look similar."
VGa(TeO4)2,mp-1195697,3.0,1,0.0,False,A_correlated_oxide_or_fluoride,gapped semiconductor or insulator,True,"Both databases apply +U but with different parameters for V (Materials Project 3.25 eV, OQMD 3.1 eV). Note that Materials Project quotes U while OQMD quotes U minus J in the Dudarev scheme, so the values are not directly interchangeable even where they look similar."
VO,mp-19184,0.3,1,0.0,False,A_correlated_oxide_or_fluoride,gapped semiconductor or insulator,True,"Both databases apply +U but with different parameters for V (Materials Project 3.25 eV, OQMD 3.1 eV). Note that Materials Project quotes U while OQMD quotes U minus J in the Dudarev scheme, so the values are not directly interchangeable even where they look similar."
VZn2BiO6,mp-1105584,2.4,1,0.0,False,A_correlated_oxide_or_fluoride,gapped semiconductor or insulator,True,"Both databases apply +U but with different parameters for V (Materials Project 3.25 eV, OQMD 3.1 eV). Note that Materials Project quotes U while OQMD quotes U minus J in the Dudarev scheme, so the values are not directly interchangeable even where they look similar."
YCuO2,mp-2918,3.5,1,0.0,False,A_correlated_oxide_or_fluoride,gapped semiconductor or insulator,True,OQMD applies +U to Cu (U minus J = 4.0 eV) and Materials Project does not.
YMoClO4,mp-560118,3.82,1,0.0,False,A_correlated_oxide_or_fluoride,gapped semiconductor or insulator,True,"Materials Project applies +U to Mo (U = 4.38 eV) and OQMD does not. Materials Project applies +U to both oxides and fluorides, while OQMD applies it only to compounds containing oxygen, and the two databases cover different element sets."
YMoO4F,mp-555913,3.78,1,0.0,False,A_correlated_oxide_or_fluoride,gapped semiconductor or insulator,True,"Materials Project applies +U to Mo (U = 4.38 eV) and OQMD does not. Materials Project applies +U to both oxides and fluorides, while OQMD applies it only to compounds containing oxygen, and the two databases cover different element sets."
YbWClO4,mp-1103822,4.23,1,0.0,False,A_correlated_oxide_or_fluoride,gapped semiconductor or insulator,True,"Materials Project applies +U to W (U = 6.2 eV) and OQMD does not. Materials Project applies +U to both oxides and fluorides, while OQMD applies it only to compounds containing oxygen, and the two databases cover different element sets."
Zn2MoSeO7,mp-1191333,4.2,1,0.0,False,A_correlated_oxide_or_fluoride,gapped semiconductor or insulator,True,"Materials Project applies +U to Mo (U = 4.38 eV) and OQMD does not. Materials Project applies +U to both oxides and fluorides, while OQMD applies it only to compounds containing oxygen, and the two databases cover different element sets."
Zn2TeMoO7,mp-1192126,4.1,1,0.0,False,A_correlated_oxide_or_fluoride,gapped semiconductor or insulator,True,"Materials Project applies +U to Mo (U = 4.38 eV) and OQMD does not. Materials Project applies +U to both oxides and fluorides, while OQMD applies it only to compounds containing oxygen, and the two databases cover different element sets."
Ag2PdO2,mp-5495,0.18,1,0.0,False,B_main_group_oxide,gapped semiconductor or insulator,False,"Neither database applies a Hubbard U correction to this composition, so +U is not an available explanation for any disagreement between them."
Ag5IO6,mp-554648,1.4,1,0.0,False,B_main_group_oxide,gapped semiconductor or insulator,False,"Neither database applies a Hubbard U correction to this composition, so +U is not an available explanation for any disagreement between them."
B3Pb3NO10,mp-1200969,3.64,1,0.0,False,B_main_group_oxide,gapped semiconductor or insulator,False,"Neither database applies a Hubbard U correction to this composition, so +U is not an available explanation for any disagreement between them."
Ba2Cd(BO2)6,mp-1190588,4.59,1,0.0,False,B_main_group_oxide,gapped semiconductor or insulator,False,"Neither database applies a Hubbard U correction to this composition, so +U is not an available explanation for any disagreement between them."
Ba3Bi2TeO9,mp-556407,2.3,1,0.0,False,B_main_group_oxide,gapped semiconductor or insulator,False,"Neither database applies a Hubbard U correction to this composition, so +U is not an available explanation for any disagreement between them."
Ba8Al10B12O41,mp-1019529,3.1,1,0.0,False,B_main_group_oxide,gapped semiconductor or insulator,False,"Neither database applies a Hubbard U correction to this composition, so +U is not an available explanation for any disagreement between them."
BaPrO3,mp-22705,2.0,1,0.0,False,B_main_group_oxide,gapped semiconductor or insulator,False,"Neither database applies a Hubbard U correction to this composition, so +U is not an available explanation for any disagreement between them."
BaSnO3,mp-3163,3.1,1,0.0,False,B_main_group_oxide,gapped semiconductor or insulator,False,"Neither database applies a Hubbard U correction to this composition, so +U is not an available explanation for any disagreement between them."
BeO,mp-2542,10.39,1,0.0,False,B_main_group_oxide,gapped semiconductor or insulator,False,"Neither database applies a Hubbard U correction to this composition, so +U is not an available explanation for any disagreement between them."
Bi2CO5,mp-30200,3.42,1,0.0,False,B_main_group_oxide,gapped semiconductor or insulator,False,"Neither database applies a Hubbard U correction to this composition, so +U is not an available explanation for any disagreement between them."
Bi2I4O13,mp-1204764,3.3,1,0.0,False,B_main_group_oxide,gapped semiconductor or insulator,False,"Neither database applies a Hubbard U correction to this composition, so +U is not an available explanation for any disagreement between them."
BiTeNO6,mp-1195032,3.62,1,0.0,False,B_main_group_oxide,gapped semiconductor or insulator,False,"Neither database applies a Hubbard U correction to this composition, so +U is not an available explanation for any disagreement between them."
Ca(BiO2)2,mp-558751,3.08,1,0.0,False,B_main_group_oxide,gapped semiconductor or insulator,False,"Neither database applies a Hubbard U correction to this composition, so +U is not an available explanation for any disagreement between them."
Ca10Ge16(B2O17)3,mp-1019569,5.47,1,0.0,False,B_main_group_oxide,gapped semiconductor or insulator,False,"Neither database applies a Hubbard U correction to this composition, so +U is not an available explanation for any disagreement between them."
Ca2ScSbO6,mp-1189528,3.68,1,0.0,False,B_main_group_oxide,gapped semiconductor or insulator,False,"Neither database applies a Hubbard U correction to this composition, so +U is not an available explanation for any disagreement between them."
CdSnO3,mp-754329,3.0,1,0.0,False,B_main_group_oxide,gapped semiconductor or insulator,False,"Neither database applies a Hubbard U correction to this composition, so +U is not an available explanation for any disagreement between them."
Cs2Cd3(B4O7)4,mp-1201213,4.76,1,0.0,False,B_main_group_oxide,gapped semiconductor or insulator,False,"Neither database applies a Hubbard U correction to this composition, so +U is not an available explanation for any disagreement between them."
Cs3Li4(BO2)7,mp-1019615,6.53,1,0.0,False,B_main_group_oxide,gapped semiconductor or insulator,False,"Neither database applies a Hubbard U correction to this composition, so +U is not an available explanation for any disagreement between them."
Cs3Nb9(TeO8)4,mp-1201443,3.22,1,0.0,False,B_main_group_oxide,gapped semiconductor or insulator,False,"Neither database applies a Hubbard U correction to this composition, so +U is not an available explanation for any disagreement between them."
CsInTe3O8,mp-1192413,3.9,1,0.0,False,B_main_group_oxide,gapped semiconductor or insulator,False,"Neither database applies a Hubbard U correction to this composition, so +U is not an available explanation for any disagreement between them."
CsLi(B3O5)2,mp-1019715,6.89,1,0.0,False,B_main_group_oxide,gapped semiconductor or insulator,False,"Neither database applies a Hubbard U correction to this composition, so +U is not an available explanation for any disagreement between them."
Dy2O3,mp-2345,5.0,1,0.0,False,B_main_group_oxide,gapped semiconductor or insulator,False,"Neither database applies a Hubbard U correction to this composition, so +U is not an available explanation for any disagreement between them."
EuAl2O4,mp-1019732,2.74,1,0.0,False,B_main_group_oxide,gapped semiconductor or insulator,False,"Neither database applies a Hubbard U correction to this composition, so +U is not an available explanation for any disagreement between them."
GaHSeO4,mp-1194398,5.51,1,0.0,False,B_main_group_oxide,gapped semiconductor or insulator,False,"Neither database applies a Hubbard U correction to this composition, so +U is not an available explanation for any disagreement between them."
GeO2,mp-733,5.54,1,0.0,False,B_main_group_oxide,gapped semiconductor or insulator,False,"Neither database applies a Hubbard U correction to this composition, so +U is not an available explanation for any disagreement between them."
Ho2O3,mp-812,5.42,1,0.0,False,B_main_group_oxide,gapped semiconductor or insulator,False,"Neither database applies a Hubbard U correction to this composition, so +U is not an available explanation for any disagreement between them."
In2As2Cl2O5,mp-1191856,4.62,1,0.0,False,B_main_group_oxide,gapped semiconductor or insulator,False,"Neither database applies a Hubbard U correction to this composition, so +U is not an available explanation for any disagreement between them."
In4As5(BrO4)3,mp-1200791,4.22,1,0.0,False,B_main_group_oxide,gapped semiconductor or insulator,False,"Neither database applies a Hubbard U correction to this composition, so +U is not an available explanation for any disagreement between them."
K2Al2B2O7,mp-560217,6.89,1,0.0,False,B_main_group_oxide,gapped semiconductor or insulator,False,"Neither database applies a Hubbard U correction to this composition, so +U is not an available explanation for any disagreement between them."
K2Au(IO3)5,mp-1195201,2.65,1,0.0,False,B_main_group_oxide,gapped semiconductor or insulator,False,"Neither database applies a Hubbard U correction to this composition, so +U is not an available explanation for any disagreement between them."
K2La2Ti3O10,mp-6548,3.05,1,0.0,False,B_main_group_oxide,gapped semiconductor or insulator,False,"Neither database applies a Hubbard U correction to this composition, so +U is not an available explanation for any disagreement between them."
K3B6ClO10,mp-1189091,6.89,1,0.0,False,B_main_group_oxide,gapped semiconductor or insulator,False,"Neither database applies a Hubbard U correction to this composition, so +U is not an available explanation for any disagreement between them."
KAu(IO3)4,mp-557441,2.75,1,0.0,False,B_main_group_oxide,gapped semiconductor or insulator,False,"Neither database applies a Hubbard U correction to this composition, so +U is not an available explanation for any disagreement between them."
KBaB5O9,mp-557420,3.65,1,0.0,False,B_main_group_oxide,gapped semiconductor or insulator,False,"Neither database applies a Hubbard U correction to this composition, so +U is not an available explanation for any disagreement between them."
KLiCO3,mp-562137,6.32,1,0.0,False,B_main_group_oxide,gapped semiconductor or insulator,False,"Neither database applies a Hubbard U correction to this composition, so +U is not an available explanation for any disagreement between them."
KNb3(SeO6)2,mp-1202434,3.46,1,0.0,False,B_main_group_oxide,gapped semiconductor or insulator,False,"Neither database applies a Hubbard U correction to this composition, so +U is not an available explanation for any disagreement between them."
La2O3,mp-2292,5.4,1,0.0,False,B_main_group_oxide,gapped semiconductor or insulator,False,"Neither database applies a Hubbard U correction to this composition, so +U is not an available explanation for any disagreement between them."
LaGaO3,mp-5837,4.4,1,0.0,False,B_main_group_oxide,gapped semiconductor or insulator,False,"Neither database applies a Hubbard U correction to this composition, so +U is not an available explanation for any disagreement between them."
LiGaO2,mp-5854,5.6,1,0.0,False,B_main_group_oxide,gapped semiconductor or insulator,False,"Neither database applies a Hubbard U correction to this composition, so +U is not an available explanation for any disagreement between them."
Mg5B3O9F,mp-560026,5.63,1,0.0,False,B_main_group_oxide,gapped semiconductor or insulator,False,"Neither database applies a Hubbard U correction to this composition, so +U is not an available explanation for any disagreement between them."
Na2Be4B4O11,mp-1020144,7.3,1,0.0,False,B_main_group_oxide,gapped semiconductor or insulator,False,"Neither database applies a Hubbard U correction to this composition, so +U is not an available explanation for any disagreement between them."
Pb2O3,mp-20078,1.67,1,0.0,False,B_main_group_oxide,gapped semiconductor or insulator,False,"Neither database applies a Hubbard U correction to this composition, so +U is not an available explanation for any disagreement between them."
Pd(IO3)2,mp-1198404,1.31,1,0.0,False,B_main_group_oxide,gapped semiconductor or insulator,False,"Neither database applies a Hubbard U correction to this composition, so +U is not an available explanation for any disagreement between them."
PdO,mp-1336,0.8,1,0.0,False,B_main_group_oxide,gapped semiconductor or insulator,False,"Neither database applies a Hubbard U correction to this composition, so +U is not an available explanation for any disagreement between them."
PrO,mp-11344,0.55,1,0.0,False,B_main_group_oxide,gapped semiconductor or insulator,False,"Neither database applies a Hubbard U correction to this composition, so +U is not an available explanation for any disagreement between them."
Rb3Cd(BO2)5,mp-1200569,2.34,1,0.0,False,B_main_group_oxide,gapped semiconductor or insulator,False,"Neither database applies a Hubbard U correction to this composition, so +U is not an available explanation for any disagreement between them."
Rb3Zn(BO2)5,mp-1020643,2.66,1,0.0,False,B_main_group_oxide,gapped semiconductor or insulator,False,"Neither database applies a Hubbard U correction to this composition, so +U is not an available explanation for any disagreement between them."
RbCd(BO2)3,mp-1197285,4.2,1,0.0,False,B_main_group_oxide,gapped semiconductor or insulator,False,"Neither database applies a Hubbard U correction to this composition, so +U is not an available explanation for any disagreement between them."
RbH2(IO3)3,mp-1192404,4.07,1,0.0,False,B_main_group_oxide,gapped semiconductor or insulator,False,"Neither database applies a Hubbard U correction to this composition, so +U is not an available explanation for any disagreement between them."
ReO3,mp-190,2.3,1,0.0,False,B_main_group_oxide,gapped semiconductor or insulator,False,"Neither database applies a Hubbard U correction to this composition, so +U is not an available explanation for any disagreement between them."
SnO2,mp-856,3.6,1,0.0,False,B_main_group_oxide,gapped semiconductor or insulator,False,"Neither database applies a Hubbard U correction to this composition, so +U is not an available explanation for any disagreement between them."
Sr2TiO4,mp-5532,3.41,1,0.0,False,B_main_group_oxide,gapped semiconductor or insulator,False,"Neither database applies a Hubbard U correction to this composition, so +U is not an available explanation for any disagreement between them."
Ta2O5,mp-10390,4.2,1,0.0,False,B_main_group_oxide,gapped semiconductor or insulator,False,"Neither database applies a Hubbard U correction to this composition, so +U is not an available explanation for any disagreement between them."
Tb2O3,mp-1056,3.0,1,0.0,False,B_main_group_oxide,gapped semiconductor or insulator,False,"Neither database applies a Hubbard U correction to this composition, so +U is not an available explanation for any disagreement between them."
Ti(Bi3O5)4,mp-23494,3.09,1,0.0,False,B_main_group_oxide,gapped semiconductor or insulator,False,"Neither database applies a Hubbard U correction to this composition, so +U is not an available explanation for any disagreement between them."
Ti6H2O13,mp-1191976,3.4,1,0.0,False,B_main_group_oxide,gapped semiconductor or insulator,False,"Neither database applies a Hubbard U correction to this composition, so +U is not an available explanation for any disagreement between them."
Tl2O3,mp-1658,2.25,1,0.0,False,B_main_group_oxide,gapped semiconductor or insulator,False,"Neither database applies a Hubbard U correction to this composition, so +U is not an available explanation for any disagreement between them."
ZnB12(H5O12)2,mp-1195627,4.6,1,0.0,False,B_main_group_oxide,gapped semiconductor or insulator,False,"Neither database applies a Hubbard U correction to this composition, so +U is not an available explanation for any disagreement between them."
ZnSnO3,mp-13334,3.9,1,0.0,False,B_main_group_oxide,gapped semiconductor or insulator,False,"Neither database applies a Hubbard U correction to this composition, so +U is not an available explanation for any disagreement between them."
ZrO2,mp-2858,4.99,1,0.0,False,B_main_group_oxide,gapped semiconductor or insulator,False,"Neither database applies a Hubbard U correction to this composition, so +U is not an available explanation for any disagreement between them."
AgBr,mp-23231,2.52,1,0.0,False,C_halide_non_fluoride,gapped semiconductor or insulator,False,"Neither database applies a Hubbard U correction to this composition, so +U is not an available explanation for any disagreement between them."
AgCl,mp-22922,5.13,1,0.0,False,C_halide_non_fluoride,gapped semiconductor or insulator,False,"Neither database applies a Hubbard U correction to this composition, so +U is not an available explanation for any disagreement between them."
Ba3InS4Cl,mp-1205371,3.42,1,0.0,False,C_halide_non_fluoride,gapped semiconductor or insulator,False,"Neither database applies a Hubbard U correction to this composition, so +U is not an available explanation for any disagreement between them."
BiSBr,mp-23324,1.88,1,0.0,False,C_halide_non_fluoride,gapped semiconductor or insulator,False,"Neither database applies a Hubbard U correction to this composition, so +U is not an available explanation for any disagreement between them."
BiSeI,mp-23020,1.28,1,0.0,False,C_halide_non_fluoride,gapped semiconductor or insulator,False,"Neither database applies a Hubbard U correction to this composition, so +U is not an available explanation for any disagreement between them."
BiTeI,mp-22965,0.46,1,0.0,False,C_halide_non_fluoride,gapped semiconductor or insulator,False,"Neither database applies a Hubbard U correction to this composition, so +U is not an available explanation for any disagreement between them."
Cd4P2Br3,mp-28914,2.19,1,0.0,False,C_halide_non_fluoride,gapped semiconductor or insulator,False,"Neither database applies a Hubbard U correction to this composition, so +U is not an available explanation for any disagreement between them."
Cd4P2Cl3,mp-29746,2.17,1,0.0,False,C_halide_non_fluoride,gapped semiconductor or insulator,False,"Neither database applies a Hubbard U correction to this composition, so +U is not an available explanation for any disagreement between them."
CdBr2,mp-27934,4.47,1,0.0,False,C_halide_non_fluoride,gapped semiconductor or insulator,False,"Neither database applies a Hubbard U correction to this composition, so +U is not an available explanation for any disagreement between them."
CdSb2Se3Br2,mp-567556,1.4,1,0.0,False,C_halide_non_fluoride,gapped semiconductor or insulator,False,"Neither database applies a Hubbard U correction to this composition, so +U is not an available explanation for any disagreement between them."
Cs3Bi2Br9,mp-27544,2.5,1,0.0,False,C_halide_non_fluoride,gapped semiconductor or insulator,False,"Neither database applies a Hubbard U correction to this composition, so +U is not an available explanation for any disagreement between them."
Cs3Bi2I9,mp-669458,1.8,1,0.0,False,C_halide_non_fluoride,gapped semiconductor or insulator,False,"Neither database applies a Hubbard U correction to this composition, so +U is not an available explanation for any disagreement between them."
Cs3Sb2I9,mp-23029,1.89,1,0.0,False,C_halide_non_fluoride,gapped semiconductor or insulator,False,"Neither database applies a Hubbard U correction to this composition, so +U is not an available explanation for any disagreement between them."
Hg3Bi2(SCl4)2,mp-1104411,3.26,1,0.0,False,C_halide_non_fluoride,gapped semiconductor or insulator,False,"Neither database applies a Hubbard U correction to this composition, so +U is not an available explanation for any disagreement between them."
Hg3Bi2(TeCl4)2,mp-1192395,2.8,1,0.0,False,C_halide_non_fluoride,gapped semiconductor or insulator,False,"Neither database applies a Hubbard U correction to this composition, so +U is not an available explanation for any disagreement between them."
HgCl2,mp-22855,4.45,1,0.0,False,C_halide_non_fluoride,gapped semiconductor or insulator,False,"Neither database applies a Hubbard U correction to this composition, so +U is not an available explanation for any disagreement between them."
HgI,mp-22859,2.37,1,0.0,False,C_halide_non_fluoride,gapped semiconductor or insulator,False,"Neither database applies a Hubbard U correction to this composition, so +U is not an available explanation for any disagreement between them."
InBi2S4Cl,mp-559521,1.5,1,0.0,False,C_halide_non_fluoride,gapped semiconductor or insulator,False,"Neither database applies a Hubbard U correction to this composition, so +U is not an available explanation for any disagreement between them."
InSb2S4Cl,mp-556541,1.8,1,0.0,False,C_halide_non_fluoride,gapped semiconductor or insulator,False,"Neither database applies a Hubbard U correction to this composition, so +U is not an available explanation for any disagreement between them."
InSb2Se4Br,mp-570321,1.35,1,0.0,False,C_halide_non_fluoride,gapped semiconductor or insulator,False,"Neither database applies a Hubbard U correction to this composition, so +U is not an available explanation for any disagreement between them."
KCl,mp-23193,8.5,1,0.0,False,C_halide_non_fluoride,gapped semiconductor or insulator,False,"Neither database applies a Hubbard U correction to this composition, so +U is not an available explanation for any disagreement between them."
Rb2TeI6,mp-28070,1.4,1,0.0,False,C_halide_non_fluoride,gapped semiconductor or insulator,False,"Neither database applies a Hubbard U correction to this composition, so +U is not an available explanation for any disagreement between them."
Rb3Bi2Br9,mp-1195363,2.62,1,0.0,False,C_halide_non_fluoride,gapped semiconductor or insulator,False,"Neither database applies a Hubbard U correction to this composition, so +U is not an available explanation for any disagreement between them."
Rb3Sb2Br9,mp-1194576,2.48,1,0.0,False,C_halide_non_fluoride,gapped semiconductor or insulator,False,"Neither database applies a Hubbard U correction to this composition, so +U is not an available explanation for any disagreement between them."
Rb3Sb2I9,mp-1195452,1.94,1,0.0,False,C_halide_non_fluoride,gapped semiconductor or insulator,False,"Neither database applies a Hubbard U correction to this composition, so +U is not an available explanation for any disagreement between them."
SbPb2S2I3,mp-578882,2.0,1,0.0,False,C_halide_non_fluoride,gapped semiconductor or insulator,False,"Neither database applies a Hubbard U correction to this composition, so +U is not an available explanation for any disagreement between them."
SbTeI,mp-28051,1.25,1,0.0,False,C_halide_non_fluoride,gapped semiconductor or insulator,False,"Neither database applies a Hubbard U correction to this composition, so +U is not an available explanation for any disagreement between them."
Sn2SbS2I3,mp-561134,1.5,1,0.0,False,C_halide_non_fluoride,gapped semiconductor or insulator,False,"Neither database applies a Hubbard U correction to this composition, so +U is not an available explanation for any disagreement between them."
SnI2,mp-27194,2.4,1,0.0,False,C_halide_non_fluoride,gapped semiconductor or insulator,False,"Neither database applies a Hubbard U correction to this composition, so +U is not an available explanation for any disagreement between them."
Tl2TeBr6,mp-31076,2.06,1,0.0,False,C_halide_non_fluoride,gapped semiconductor or insulator,False,"Neither database applies a Hubbard U correction to this composition, so +U is not an available explanation for any disagreement between them."
Tl4CdI6,mp-570339,2.8,1,0.0,False,C_halide_non_fluoride,gapped semiconductor or insulator,False,"Neither database applies a Hubbard U correction to this composition, so +U is not an available explanation for any disagreement between them."
TlHg6Se4Br5,mp-1202157,2.8,1,0.0,False,C_halide_non_fluoride,gapped semiconductor or insulator,False,"Neither database applies a Hubbard U correction to this composition, so +U is not an available explanation for any disagreement between them."
UHg3(TeCl3)2,mp-567543,2.6,1,0.0,False,C_halide_non_fluoride,gapped semiconductor or insulator,False,"Neither database applies a Hubbard U correction to this composition, so +U is not an available explanation for any disagreement between them."
UHg4(AsCl3)2,mp-570252,1.9,1,0.0,False,C_halide_non_fluoride,gapped semiconductor or insulator,False,"Neither database applies a Hubbard U correction to this composition, so +U is not an available explanation for any disagreement between them."
ZrHg4(PCl3)2,mp-1200713,3.22,1,0.0,False,C_halide_non_fluoride,gapped semiconductor or insulator,False,"Neither database applies a Hubbard U correction to this composition, so +U is not an available explanation for any disagreement between them."
Al2Se3,mp-11674,3.1,1,0.0,False,D_chalcogenide_or_pnictide,gapped semiconductor or insulator,False,"Neither database applies a Hubbard U correction to this composition, so +U is not an available explanation for any disagreement between them."
As2Os,mp-2455,0.9,1,0.0,False,D_chalcogenide_or_pnictide,gapped semiconductor or insulator,False,"Neither database applies a Hubbard U correction to this composition, so +U is not an available explanation for any disagreement between them."
Ba2ErInSe5,mp-1188122,2.29,1,0.0,False,D_chalcogenide_or_pnictide,gapped semiconductor or insulator,False,"Neither database applies a Hubbard U correction to this composition, so +U is not an available explanation for any disagreement between them."
Ba3Tb2(PS4)4,mp-554264,3.37,1,0.0,False,D_chalcogenide_or_pnictide,gapped semiconductor or insulator,False,"Neither database applies a Hubbard U correction to this composition, so +U is not an available explanation for any disagreement between them."
BaBSbS4,mp-866301,2.34,1,0.0,False,D_chalcogenide_or_pnictide,gapped semiconductor or insulator,False,"Neither database applies a Hubbard U correction to this composition, so +U is not an available explanation for any disagreement between them."
Bi2Se3,mp-541837,0.35,1,0.0,False,D_chalcogenide_or_pnictide,gapped semiconductor or insulator,False,"Neither database applies a Hubbard U correction to this composition, so +U is not an available explanation for any disagreement between them."
CaMg2N2,mp-5795,3.25,1,0.0,False,D_chalcogenide_or_pnictide,gapped semiconductor or insulator,False,"Neither database applies a Hubbard U correction to this composition, so +U is not an available explanation for any disagreement between them."
Ce2S3,mp-20973,1.12,1,0.0,False,D_chalcogenide_or_pnictide,gapped semiconductor or insulator,False,"Neither database applies a Hubbard U correction to this composition, so +U is not an available explanation for any disagreement between them."
CoAs3,mp-452,0.4,1,0.0,False,D_chalcogenide_or_pnictide,gapped semiconductor or insulator,False,"Neither database applies a Hubbard U correction to this composition, so +U is not an available explanation for any disagreement between them."
CoP3,mp-1944,0.45,1,0.0,False,D_chalcogenide_or_pnictide,gapped semiconductor or insulator,False,"Neither database applies a Hubbard U correction to this composition, so +U is not an available explanation for any disagreement between them."
Cs2Ti(AgS2)2,mp-10488,2.44,1,0.0,False,D_chalcogenide_or_pnictide,gapped semiconductor or insulator,False,"Neither database applies a Hubbard U correction to this composition, so +U is not an available explanation for any disagreement between them."
Cs2VAgS4,mp-8684,1.77,1,0.0,False,D_chalcogenide_or_pnictide,gapped semiconductor or insulator,False,"Neither database applies a Hubbard U correction to this composition, so +U is not an available explanation for any disagreement between them."
Cs3Nb2AsSe11,mp-683903,1.35,1,0.0,False,D_chalcogenide_or_pnictide,gapped semiconductor or insulator,False,"Neither database applies a Hubbard U correction to this composition, so +U is not an available explanation for any disagreement between them."
Eu2Ga2GeS7,mp-1192354,2.3,1,0.0,False,D_chalcogenide_or_pnictide,gapped semiconductor or insulator,False,"Neither database applies a Hubbard U correction to this composition, so +U is not an available explanation for any disagreement between them."
Gd2Se3,mp-1188175,2.2,1,0.0,False,D_chalcogenide_or_pnictide,gapped semiconductor or insulator,False,"Neither database applies a Hubbard U correction to this composition, so +U is not an available explanation for any disagreement between them."
HfSe2,mp-985831,2.2,1,0.0,False,D_chalcogenide_or_pnictide,gapped semiconductor or insulator,False,"Neither database applies a Hubbard U correction to this composition, so +U is not an available explanation for any disagreement between them."
InCuS2,mp-22736,1.5,1,0.0,False,D_chalcogenide_or_pnictide,gapped semiconductor or insulator,False,"Neither database applies a Hubbard U correction to this composition, so +U is not an available explanation for any disagreement between them."
K2FeGe3Se8,mp-1200819,1.95,1,0.0,False,D_chalcogenide_or_pnictide,gapped semiconductor or insulator,False,"Neither database applies a Hubbard U correction to this composition, so +U is not an available explanation for any disagreement between them."
K3NaSn3Se8,mp-628185,2.2,1,0.0,False,D_chalcogenide_or_pnictide,gapped semiconductor or insulator,False,"Neither database applies a Hubbard U correction to this composition, so +U is not an available explanation for any disagreement between them."
K6Yb3(PS4)5,mp-683975,2.6,1,0.0,False,D_chalcogenide_or_pnictide,gapped semiconductor or insulator,False,"Neither database applies a Hubbard U correction to this composition, so +U is not an available explanation for any disagreement between them."
LiInSe2,mp-20187,2.83,1,0.0,False,D_chalcogenide_or_pnictide,gapped semiconductor or insulator,False,"Neither database applies a Hubbard U correction to this composition, so +U is not an available explanation for any disagreement between them."
LiMgBi,mp-570213,0.4,1,0.0,False,D_chalcogenide_or_pnictide,gapped semiconductor or insulator,False,"Neither database applies a Hubbard U correction to this composition, so +U is not an available explanation for any disagreement between them."
Mg2GeSe4,mp-1192564,2.02,1,0.0,False,D_chalcogenide_or_pnictide,gapped semiconductor or insulator,False,"Neither database applies a Hubbard U correction to this composition, so +U is not an available explanation for any disagreement between them."
MnP4,mp-569522,0.28,1,0.0,False,D_chalcogenide_or_pnictide,gapped semiconductor or insulator,False,"Neither database applies a Hubbard U correction to this composition, so +U is not an available explanation for any disagreement between them."
MnPSe3,mp-8695,2.5,1,0.0,False,D_chalcogenide_or_pnictide,gapped semiconductor or insulator,False,"Neither database applies a Hubbard U correction to this composition, so +U is not an available explanation for any disagreement between them."
MnSe,mp-999540,2.5,1,0.0,False,D_chalcogenide_or_pnictide,gapped semiconductor or insulator,False,"Neither database applies a Hubbard U correction to this composition, so +U is not an available explanation for any disagreement between them."
Na2CdSnS4,mp-561075,2.52,1,0.0,False,D_chalcogenide_or_pnictide,gapped semiconductor or insulator,False,"Neither database applies a Hubbard U correction to this composition, so +U is not an available explanation for any disagreement between them."
Na2Ga2GeS6,mp-1190388,3.29,1,0.0,False,D_chalcogenide_or_pnictide,gapped semiconductor or insulator,False,"Neither database applies a Hubbard U correction to this composition, so +U is not an available explanation for any disagreement between them."
NaInS2,mp-20289,1.9,1,0.0,False,D_chalcogenide_or_pnictide,gapped semiconductor or insulator,False,"Neither database applies a Hubbard U correction to this composition, so +U is not an available explanation for any disagreement between them."
Nd3Te4,mp-2204,1.6,1,0.0,False,D_chalcogenide_or_pnictide,gapped semiconductor or insulator,False,"Neither database applies a Hubbard U correction to this composition, so +U is not an available explanation for any disagreement between them."
PRuS,mp-1095584,1.4,1,0.0,False,D_chalcogenide_or_pnictide,gapped semiconductor or insulator,False,"Neither database applies a Hubbard U correction to this composition, so +U is not an available explanation for any disagreement between them."
PtS2,mp-762,0.75,1,0.0,False,D_chalcogenide_or_pnictide,gapped semiconductor or insulator,False,"Neither database applies a Hubbard U correction to this composition, so +U is not an available explanation for any disagreement between them."
Rb2NbCuSe4,mp-15222,2.19,1,0.0,False,D_chalcogenide_or_pnictide,gapped semiconductor or insulator,False,"Neither database applies a Hubbard U correction to this composition, so +U is not an available explanation for any disagreement between them."
SbOsSe,mp-1101771,0.4,1,0.0,False,D_chalcogenide_or_pnictide,gapped semiconductor or insulator,False,"Neither database applies a Hubbard U correction to this composition, so +U is not an available explanation for any disagreement between them."
ScAg(PSe3)2,mp-13383,1.55,1,0.0,False,D_chalcogenide_or_pnictide,gapped semiconductor or insulator,False,"Neither database applies a Hubbard U correction to this composition, so +U is not an available explanation for any disagreement between them."
SiAs2,mp-978553,0.88,1,0.0,False,D_chalcogenide_or_pnictide,gapped semiconductor or insulator,False,"Neither database applies a Hubbard U correction to this composition, so +U is not an available explanation for any disagreement between them."
TeAs,mp-10051,0.74,1,0.0,False,D_chalcogenide_or_pnictide,gapped semiconductor or insulator,False,"Neither database applies a Hubbard U correction to this composition, so +U is not an available explanation for any disagreement between them."
VFeSb,mp-567636,0.46,1,0.0,False,D_chalcogenide_or_pnictide,gapped semiconductor or insulator,False,"Neither database applies a Hubbard U correction to this composition, so +U is not an available explanation for any disagreement between them."
Yb(SbS2)2,mp-1194386,1.12,1,0.0,False,D_chalcogenide_or_pnictide,gapped semiconductor or insulator,False,"Neither database applies a Hubbard U correction to this composition, so +U is not an available explanation for any disagreement between them."
ZnAs,mp-7372,0.9,1,0.0,False,D_chalcogenide_or_pnictide,gapped semiconductor or insulator,False,"Neither database applies a Hubbard U correction to this composition, so +U is not an available explanation for any disagreement between them."
BaB6,mp-954,2.64,1,0.0,False,E_other,gapped semiconductor or insulator,False,"Neither database applies a Hubbard U correction to this composition, so +U is not an available explanation for any disagreement between them."
BaGe2,mp-2139,1.0,1,0.0,False,E_other,gapped semiconductor or insulator,False,"Neither database applies a Hubbard U correction to this composition, so +U is not an available explanation for any disagreement between them."
BaSi2,mp-1477,1.3,1,0.0,False,E_other,gapped semiconductor or insulator,False,"Neither database applies a Hubbard U correction to this composition, so +U is not an available explanation for any disagreement between them."
CaB6,mp-865,4.5,1,0.0,False,E_other,gapped semiconductor or insulator,False,"Neither database applies a Hubbard U correction to this composition, so +U is not an available explanation for any disagreement between them."
CsAu,mp-2667,2.3,1,0.0,False,E_other,gapped semiconductor or insulator,False,"Neither database applies a Hubbard U correction to this composition, so +U is not an available explanation for any disagreement between them."
CsF,mp-1784,10.0,1,0.0,False,E_other,gapped semiconductor or insulator,False,"Neither database applies a Hubbard U correction to this composition, so +U is not an available explanation for any disagreement between them."
DyB6,mp-568319,3.3,1,0.0,False,E_other,gapped semiconductor or insulator,False,"Neither database applies a Hubbard U correction to this composition, so +U is not an available explanation for any disagreement between them."
KF,mp-463,10.3,1,0.0,False,E_other,gapped semiconductor or insulator,False,"Neither database applies a Hubbard U correction to this composition, so +U is not an available explanation for any disagreement between them."
LaSi2,mp-2062,0.19,1,0.0,False,E_other,gapped semiconductor or insulator,False,"Neither database applies a Hubbard U correction to this composition, so +U is not an available explanation for any disagreement between them."
LiF,mp-1138,11.7,1,0.0,False,E_other,gapped semiconductor or insulator,False,"Neither database applies a Hubbard U correction to this composition, so +U is not an available explanation for any disagreement between them."
MnSi,mp-1431,0.6,1,0.0,False,E_other,gapped semiconductor or insulator,False,"Neither database applies a Hubbard U correction to this composition, so +U is not an available explanation for any disagreement between them."
PrB6,mp-12762,4.9,1,0.0,False,E_other,gapped semiconductor or insulator,False,"Neither database applies a Hubbard U correction to this composition, so +U is not an available explanation for any disagreement between them."
SiB3,mp-569128,2.0,1,0.0,False,E_other,gapped semiconductor or insulator,False,"Neither database applies a Hubbard U correction to this composition, so +U is not an available explanation for any disagreement between them."
SrGe2,mp-7390,0.9,1,0.0,False,E_other,gapped semiconductor or insulator,False,"Neither database applies a Hubbard U correction to this composition, so +U is not an available explanation for any disagreement between them."
ZrC,mp-2795,0.6,1,0.0,False,E_other,gapped semiconductor or insulator,False,"Neither database applies a Hubbard U correction to this composition, so +U is not an available explanation for any disagreement between them."
BaEu2Mn2O7,mp-579071,0.0,1,0.0,True,M_measured_metallic,"measured metallic, classification check only",True,"Both databases apply +U but with different parameters for Mn (Materials Project 3.9 eV, OQMD 3.8 eV). Note that Materials Project quotes U while OQMD quotes U minus J in the Dudarev scheme, so the values are not directly interchangeable even where they look similar."
BaIn2Ir,mp-22780,0.0,1,0.0,True,M_measured_metallic,"measured metallic, classification check only",False,"Neither database applies a Hubbard U correction to this composition, so +U is not an available explanation for any disagreement between them."
Ca(GeRh)2,mp-16261,0.0,1,0.0,True,M_measured_metallic,"measured metallic, classification check only",False,"Neither database applies a Hubbard U correction to this composition, so +U is not an available explanation for any disagreement between them."
CaNi5,mp-774,0.0,1,0.0,True,M_measured_metallic,"measured metallic, classification check only",False,"Neither database applies a Hubbard U correction to this composition, so +U is not an available explanation for any disagreement between them."
CsNb6I11,mp-570455,0.0,1,0.0,True,M_measured_metallic,"measured metallic, classification check only",False,"Neither database applies a Hubbard U correction to this composition, so +U is not an available explanation for any disagreement between them."
CuCN2,mp-3421,0.0,1,0.0,True,M_measured_metallic,"measured metallic, classification check only",False,"Neither database applies a Hubbard U correction to this composition, so +U is not an available explanation for any disagreement between them."
DyFeSi,mp-22698,0.0,1,0.0,True,M_measured_metallic,"measured metallic, classification check only",False,"Neither database applies a Hubbard U correction to this composition, so +U is not an available explanation for any disagreement between them."
Er5Si3,mp-31167,0.0,1,0.0,True,M_measured_metallic,"measured metallic, classification check only",False,"Neither database applies a Hubbard U correction to this composition, so +U is not an available explanation for any disagreement between them."
ErZn12,mp-30614,0.0,1,0.0,True,M_measured_metallic,"measured metallic, classification check only",False,"Neither database applies a Hubbard U correction to this composition, so +U is not an available explanation for any disagreement between them."
Ga5Pd13,mp-31485,0.0,1,0.0,True,M_measured_metallic,"measured metallic, classification check only",False,"Neither database applies a Hubbard U correction to this composition, so +U is not an available explanation for any disagreement between them."
Gd2AlCo2,mp-637222,0.0,1,0.0,True,M_measured_metallic,"measured metallic, classification check only",False,"Neither database applies a Hubbard U correction to this composition, so +U is not an available explanation for any disagreement between them."
Hf3Sb,mp-15964,0.0,1,0.0,True,M_measured_metallic,"measured metallic, classification check only",False,"Neither database applies a Hubbard U correction to this composition, so +U is not an available explanation for any disagreement between them."
Hf5Sn3,mp-21104,0.0,1,0.0,True,M_measured_metallic,"measured metallic, classification check only",False,"Neither database applies a Hubbard U correction to this composition, so +U is not an available explanation for any disagreement between them."
Ho3AlC,mp-29677,0.0,1,0.0,True,M_measured_metallic,"measured metallic, classification check only",False,"Neither database applies a Hubbard U correction to this composition, so +U is not an available explanation for any disagreement between them."
InSiTe3,mp-567931,0.0,1,0.0,True,M_measured_metallic,"measured metallic, classification check only",False,"Neither database applies a Hubbard U correction to this composition, so +U is not an available explanation for any disagreement between them."
La2B4Rh5,mp-14696,0.0,1,0.0,True,M_measured_metallic,"measured metallic, classification check only",False,"Neither database applies a Hubbard U correction to this composition, so +U is not an available explanation for any disagreement between them."
LiAl3,mp-10890,0.0,1,0.0,True,M_measured_metallic,"measured metallic, classification check only",False,"Neither database applies a Hubbard U correction to this composition, so +U is not an available explanation for any disagreement between them."
Lu7(NiTe)2,mp-11752,0.0,1,0.0,True,M_measured_metallic,"measured metallic, classification check only",False,"Neither database applies a Hubbard U correction to this composition, so +U is not an available explanation for any disagreement between them."
LuGe2,mp-973906,0.0,1,0.0,True,M_measured_metallic,"measured metallic, classification check only",False,"Neither database applies a Hubbard U correction to this composition, so +U is not an available explanation for any disagreement between them."
Mo5O14,mp-30544,0.0,1,0.0,True,M_measured_metallic,"measured metallic, classification check only",True,"Materials Project applies +U to Mo (U = 4.38 eV) and OQMD does not. Materials Project applies +U to both oxides and fluorides, while OQMD applies it only to compounds containing oxygen, and the two databases cover different element sets."
Na2UI6,mp-23546,0.0,1,0.0,True,M_measured_metallic,"measured metallic, classification check only",False,"Neither database applies a Hubbard U correction to this composition, so +U is not an available explanation for any disagreement between them."
Nb3B2,mp-20689,0.0,1,0.0,True,M_measured_metallic,"measured metallic, classification check only",False,"Neither database applies a Hubbard U correction to this composition, so +U is not an available explanation for any disagreement between them."
NdInCu,mp-22696,0.0,1,0.0,True,M_measured_metallic,"measured metallic, classification check only",False,"Neither database applies a Hubbard U correction to this composition, so +U is not an available explanation for any disagreement between them."
PrCo4B,mp-11610,0.0,1,0.0,True,M_measured_metallic,"measured metallic, classification check only",False,"Neither database applies a Hubbard U correction to this composition, so +U is not an available explanation for any disagreement between them."
Re(TeCl6)2,mp-28633,0.0,1,0.0,True,M_measured_metallic,"measured metallic, classification check only",False,"Neither database applies a Hubbard U correction to this composition, so +U is not an available explanation for any disagreement between them."
Sc6NiTe2,mp-10446,0.0,1,0.0,True,M_measured_metallic,"measured metallic, classification check only",False,"Neither database applies a Hubbard U correction to this composition, so +U is not an available explanation for any disagreement between them."
Sm2Tl,mp-319,0.0,1,0.0,True,M_measured_metallic,"measured metallic, classification check only",False,"Neither database applies a Hubbard U correction to this composition, so +U is not an available explanation for any disagreement between them."
Sr5Sn3,mp-17720,0.0,1,0.0,True,M_measured_metallic,"measured metallic, classification check only",False,"Neither database applies a Hubbard U correction to this composition, so +U is not an available explanation for any disagreement between them."
SrNi5As3,mp-17396,0.0,1,0.0,True,M_measured_metallic,"measured metallic, classification check only",False,"Neither database applies a Hubbard U correction to this composition, so +U is not an available explanation for any disagreement between them."
TaPd3,mp-30836,0.0,1,0.0,True,M_measured_metallic,"measured metallic, classification check only",False,"Neither database applies a Hubbard U correction to this composition, so +U is not an available explanation for any disagreement between them."
ThIr5,mp-312,0.0,1,0.0,True,M_measured_metallic,"measured metallic, classification check only",False,"Neither database applies a Hubbard U correction to this composition, so +U is not an available explanation for any disagreement between them."
Ti3Cu3O,mp-21457,0.0,1,0.0,True,M_measured_metallic,"measured metallic, classification check only",True,OQMD applies +U to Cu (U minus J = 4.0 eV) and Materials Project does not.
U(SiNi)2,mp-20596,0.0,1,0.0,True,M_measured_metallic,"measured metallic, classification check only",False,"Neither database applies a Hubbard U correction to this composition, so +U is not an available explanation for any disagreement between them."
UAlNi4,mp-16519,0.0,1,0.0,True,M_measured_metallic,"measured metallic, classification check only",False,"Neither database applies a Hubbard U correction to this composition, so +U is not an available explanation for any disagreement between them."
VTe2,mp-11687,0.0,1,0.0,True,M_measured_metallic,"measured metallic, classification check only",False,"Neither database applies a Hubbard U correction to this composition, so +U is not an available explanation for any disagreement between them."
YbBO3,mp-5364,0.0,1,0.0,True,M_measured_metallic,"measured metallic, classification check only",False,"Neither database applies a Hubbard U correction to this composition, so +U is not an available explanation for any disagreement between them."
YbRh2,mp-2235,0.0,1,0.0,True,M_measured_metallic,"measured metallic, classification check only",False,"Neither database applies a Hubbard U correction to this composition, so +U is not an available explanation for any disagreement between them."
YbSnRh,mp-11973,0.0,1,0.0,True,M_measured_metallic,"measured metallic, classification check only",False,"Neither database applies a Hubbard U correction to this composition, so +U is not an available explanation for any disagreement between them."
Zr4Co4Ge7,mp-22233,0.0,1,0.0,True,M_measured_metallic,"measured metallic, classification check only",False,"Neither database applies a Hubbard U correction to this composition, so +U is not an available explanation for any disagreement between them."
Zr5Sn4,mp-543001,0.0,1,0.0,True,M_measured_metallic,"measured metallic, classification check only",False,"Neither database applies a Hubbard U correction to this composition, so +U is not an available explanation for any disagreement between them."
